City_ID,Date,Country,City,Cloudiness,Humidity,Maximum_Temperature,Maximum_Temperature_F,Wind_Speed_kmh,Lat,Lng
367,2025-01-08,AF,'Alaqahdari Dishu,23,53,7.02,44.635999999999996,2.09,30.4374,63.313
311,2025-01-08,AF,Parun,0,39,-13.66,7.411999999999999,8.58,35.4207,70.9221
224,2025-01-08,AF,Sangin,4,43,7.46,45.428,1.84,32.0728,64.8359
152,2025-01-08,AO,Malanje,80,96,18.03,64.45400000000001,1.99,-9.5402,16.341
445,2025-01-08,AO,Benguela,82,79,24.41,75.938,2.29,-12.5763,13.4055
172,2025-01-08,AO,Sumbe,62,84,24.73,76.514,3.38,-11.2061,13.8437
278,2025-01-08,AO,Menongue,100,96,17.38,63.284,0.88,-14.6585,17.691
62,2025-01-08,AO,Soio,40,85,26.38,79.484,4.46,-6.1349,12.3689
183,2025-01-08,AO,Quibala,23,97,16.49,61.682,1.19,-10.7337,14.98
486,2025-01-08,AO,Namibe,100,79,21.54,70.77199999999999,1.47,-15.1961,12.1522
395,2025-01-08,AR,Mar Del Plata,0,83,23.01,73.418,6.17,-38.0023,-57.5575
121,2025-01-08,AR,Mina Clavero,66,31,31.09,87.962,1.98,-31.721,-65.0062
246,2025-01-08,AR,Sarmiento,59,22,24.64,76.352,15.75,-45.5882,-69.07
378,2025-01-08,AR,Viedma,83,45,27.37,81.266,9.36,-40.8135,-62.9967
7,2025-01-08,AR,Ushuaia,75,55,14.81,58.658,3.09,-54.8,-68.3
400,2025-01-08,AR,Goya,0,18,36.24,97.232,3.98,-29.14,-59.2626
323,2025-01-08,AR,Rosario Del Tala,2,15,35.95,96.71000000000001,4.52,-32.3029,-59.1455
330,2025-01-08,AR,General Villegas,6,13,38.65,101.57,3.67,-35.0328,-63.0125
27,2025-01-08,AR,Eduardo Castex,49,15,38.53,101.354,1.17,-35.915,-64.2945
398,2025-01-08,AR,Puerto Madryn,48,50,25.88,78.584,5.83,-42.7692,-65.0385
482,2025-01-08,AR,Punta Alta,51,27,34.54,94.172,3.88,-38.8759,-62.0736
255,2025-01-08,AS,Ta`U,100,79,27.67,81.80600000000001,12.4,-14.2336,-169.5144
432,2025-01-08,AU,Mount Isa,5,73,22.87,73.166,0.51,-20.7333,139.5
410,2025-01-08,AU,Kiama,69,92,19.1,66.38,1.34,-34.6833,150.8667
104,2025-01-08,AU,Geraldton,20,82,16.23,61.214,5.14,-28.7667,114.6
113,2025-01-08,AU,Margaret River,100,88,11.61,52.897999999999996,3.06,-33.95,115.0667
188,2025-01-08,AU,Howard Springs,100,95,25.95,78.71,2.15,-12.497,131.047
289,2025-01-08,AU,Karratha,58,53,30.91,87.638,3.1,-20.7377,116.8463
35,2025-01-08,AU,Blackmans Bay,100,79,15.29,59.522,0.97,-43.0167,147.3167
13,2025-01-08,AU,New Norfolk,100,59,15.95,60.709999999999994,0.51,-42.7826,147.0587
351,2025-01-08,AU,Broken Hill,69,30,26.21,79.178,7.57,-31.95,141.4333
64,2025-01-08,AU,Carnarvon,92,62,24.6,76.28,8.4,-24.8667,113.6333
372,2025-01-08,AU,Charters Towers,0,81,23.04,73.472,4.22,-20.1,146.2667
94,2025-01-08,AU,Inverell,3,81,19.53,67.154,2.24,-29.7833,151.1167
265,2025-01-08,AU,Chinchilla,4,81,21.68,71.024,1.79,-26.75,150.6333
530,2025-01-08,AU,Malabar,75,92,19.84,67.712,5.14,-33.9667,151.25
244,2025-01-08,AU,Codrington,100,55,20.59,69.062,2.43,-38.2667,141.9667
98,2025-01-08,AU,Colac,100,52,20.68,69.224,2.42,-38.3333,143.5833
442,2025-01-08,AU,Dubbo,3,72,18.07,64.526,4.12,-32.25,148.6167
312,2025-01-08,AU,Nambucca Heads,61,86,19.37,66.866,1.49,-30.65,153.0
391,2025-01-08,AU,Bairnsdale,94,56,16.98,62.564,0.17,-37.8333,147.6167
531,2025-01-08,AU,Mount Gambier,100,69,18.84,65.912,1.65,-37.8333,140.7667
516,2025-01-08,AU,Aldinga Beach,100,54,22.27,72.086,4.07,-35.2793,138.4604
438,2025-01-08,AU,Urangan,47,72,24.76,76.568,2.1,-25.3,152.9
222,2025-01-08,AU,Kununurra,18,94,25.99,78.782,0.0,-15.7667,128.7333
416,2025-01-08,AU,Alice Springs,40,32,26.75,80.15,3.09,-23.7,133.8833
268,2025-01-08,AU,Andergrove,17,75,25.1,77.18,1.5,-21.0833,149.1833
327,2025-01-08,AU,Wynyard,100,80,16.22,61.196,5.36,-41.0,145.7167
294,2025-01-08,BD,Sandwip,0,63,17.92,64.256,7.01,22.4678,91.4561
142,2025-01-08,BJ,Porto Novo,7,85,28.9,84.02,2.61,6.4965,2.6036
537,2025-01-08,BO,Mineros,100,90,24.27,75.686,0.86,-17.1167,-63.2333
156,2025-01-08,BO,Santa Cruz,75,74,28.03,82.45400000000001,3.6,-17.8,-63.1667
346,2025-01-08,BO,Camiri,40,37,31.88,89.384,0.0,-20.05,-63.5167
385,2025-01-08,BO,La Paz,40,87,10.99,51.782,5.14,-16.5,-68.15
184,2025-01-08,BR,Rio Branco,75,94,25.34,77.612,1.54,-9.9747,-67.81
52,2025-01-08,BR,Pimenta Bueno,98,96,23.85,74.93,1.98,-11.6725,-61.1936
241,2025-01-08,BR,Jaicos,92,64,27.41,81.338,1.73,-7.3592,-41.1378
316,2025-01-08,BR,Tutoia,100,78,27.4,81.32,4.67,-2.7619,-42.2744
185,2025-01-08,BR,Olinda,75,74,27.85,82.13,3.6,-8.0089,-34.8553
331,2025-01-08,BR,Sao Vicente,100,26,23.88,74.984,4.31,-23.9631,-46.3919
345,2025-01-08,BR,Cidreira,69,68,22.57,72.626,5.82,-30.1811,-50.2056
251,2025-01-08,BR,Acarau,100,76,27.46,81.428,5.57,-2.8856,-40.12
433,2025-01-08,BR,Vila Velha,75,97,24.97,76.946,2.06,-20.3297,-40.2925
178,2025-01-08,BR,Conceicao Do Araguaia,100,89,25.06,77.108,0.25,-8.2578,-49.2647
481,2025-01-08,BR,Novo Oriente,65,52,28.89,84.002,2.16,-5.5344,-40.7742
474,2025-01-08,BR,Coruripe,84,72,26.05,78.89,6.53,-10.1256,-36.1756
107,2025-01-08,BR,Coxim,100,76,26.9,80.42,2.67,-18.5067,-54.76
135,2025-01-08,BR,Iaciara,100,94,22.91,73.238,0.34,-14.0958,-46.6317
413,2025-01-08,BR,Jaciara,100,90,25.78,78.404,1.72,-15.9653,-54.9683
242,2025-01-08,BR,Salinopolis,83,85,26.3,79.34,3.44,-0.6136,-47.3561
86,2025-01-08,BR,Rio Grande,3,66,21.89,71.402,6.05,-32.035,-52.0986
24,2025-01-08,BR,Ilhabela,88,88,23.81,74.858,3.53,-23.7781,-45.3581
148,2025-01-08,BR,Cururupu,85,77,26.49,79.682,1.81,-1.8283,-44.8683
49,2025-01-08,BR,Touros,83,75,26.66,79.988,4.81,-5.1989,-35.4608
168,2025-01-08,BR,Arraial Do Cabo,75,83,26.92,80.456,4.12,-22.9661,-42.0278
415,2025-01-08,BR,Armacao De Buzios,77,87,27.03,80.654,4.35,-22.7469,-41.8817
472,2025-01-08,BR,Soure,70,84,26.64,79.952,3.32,-0.7167,-48.5233
369,2025-01-08,BR,Aripuana,100,83,24.99,76.982,1.51,-9.1667,-60.6333
365,2025-01-08,BS,West End,100,63,19.57,67.226,3.33,26.6833,-78.9667
292,2025-01-08,BS,Marsh Harbour,99,64,19.17,66.506,4.21,26.5412,-77.0636
248,2025-01-08,BW,Kasane,100,89,19.2,66.56,2.19,-17.8167,25.15
483,2025-01-08,BY,Kobryn,100,87,0.85,33.53,4.24,52.2138,24.3564
99,2025-01-08,BY,Orsa,100,95,0.28,32.504,2.4,54.5153,30.4053
70,2025-01-08,BY,Byalynichy,100,98,-0.16,31.712,2.79,53.9983,29.7126
500,2025-01-08,CA,Peace River,0,69,2.17,35.906,3.6,56.2501,-117.286
10,2025-01-08,CA,Kapuskasing,0,59,-18.95,-2.1099999999999994,4.63,49.4169,-82.4331
31,2025-01-08,CA,Mount Pearl,100,95,1.25,34.25,3.09,47.5166,-52.7813
146,2025-01-08,CA,Happy Valley-Goose Bay,100,100,2.17,35.906,3.6,53.3168,-60.3315
11,2025-01-08,CA,Dryden,40,72,-12.84,8.887999999999998,5.66,49.7833,-92.7503
318,2025-01-08,CA,Elliot Lake,3,42,-13.61,7.5020000000000024,3.09,46.3834,-82.6331
358,2025-01-08,CA,Moose Jaw,100,80,2.15,35.87,7.72,50.4001,-105.5344
423,2025-01-08,CA,Summerland,75,73,2.18,35.924,4.12,49.5998,-119.6691
157,2025-01-08,CA,Whitehorse,40,79,-4.57,23.774,5.66,60.7161,-135.0538
60,2025-01-08,CA,Swift Current,100,80,2.45,36.41,6.17,50.2834,-107.8014
309,2025-01-08,CA,Cole Harbour,100,73,-3.02,26.564,8.23,44.6724,-63.4751
106,2025-01-08,CA,St. John'S,100,94,1.71,35.078,3.09,47.5649,-52.7093
536,2025-01-08,CA,Smithers,100,100,0.18,32.324,1.54,54.7804,-127.1743
469,2025-01-08,CA,Selkirk,100,81,-9.9,14.18,5.81,50.1436,-96.8845
497,2025-01-08,CA,Thunder Bay,20,62,-10.05,13.91,2.57,48.4001,-89.3168
214,2025-01-08,CA,Grande Prairie,40,65,4.1,39.38,6.17,55.1667,-118.8027
173,2025-01-08,CA,Thompson,100,86,-8.91,15.962,3.6,55.7435,-97.8558
8,2025-01-08,CA,Saskatoon,40,80,-0.01,31.982,7.2,52.1168,-106.6345
336,2025-01-08,CA,Chibougamau,100,85,-13.21,8.221999999999998,5.66,49.9168,-74.3659
48,2025-01-08,CA,Iqaluit,75,76,-21.84,-7.311999999999998,12.35,63.7506,-68.5145
506,2025-01-08,CA,Levuka,100,80,1.85,35.33,7.72,50.1834,-105.4011
5,2025-01-08,CA,Yellowknife,100,92,-15.71,3.7219999999999978,8.75,62.456,-114.3525
112,2025-01-08,CC,West Island,40,83,26.99,80.582,4.12,-12.1568,96.8225
261,2025-01-08,CD,Mbanza-Ngungu,64,94,20.91,69.638,1.72,-5.25,14.8667
510,2025-01-08,CI,San-Pedro,25,82,27.25,81.05,3.07,4.7485,-6.6363
128,2025-01-08,CK,Avarua,75,89,28.03,82.45400000000001,7.2,-21.2078,-159.775
459,2025-01-08,CL,Ancud,100,73,16.26,61.268,3.38,-41.8697,-73.8203
504,2025-01-08,CL,Antofagasta,52,81,21.6,70.88,3.47,-23.65,-70.4
317,2025-01-08,CL,Quellon,91,69,15.2,59.36,5.66,-43.1167,-73.6167
397,2025-01-08,CL,Coquimbo,40,70,20.85,69.53,6.17,-29.9533,-71.3436
17,2025-01-08,CL,Punta Arenas,40,54,12.06,53.708,15.43,-53.15,-70.9167
67,2025-01-08,CL,Puerto Natales,75,58,12.25,54.05,9.77,-51.7236,-72.4875
229,2025-01-08,CL,Lebu,0,73,18.41,65.138,5.61,-37.6167,-73.65
209,2025-01-08,CL,Chonchi,98,54,16.18,61.124,1.35,-42.6128,-73.8092
440,2025-01-08,CN,Xilin Hot,9,92,-21.76,-7.167999999999999,1.97,43.9667,116.0333
544,2025-01-08,CN,Qianzhou,100,88,3.99,39.182,1.92,28.3167,109.7167
47,2025-01-08,CN,Maba,53,56,8.58,47.444,1.56,24.6841,113.5984
488,2025-01-08,CN,Laojunmiao,0,63,-8.86,16.052,0.71,39.8333,97.7333
514,2025-01-08,CN,Qamdo,91,41,-10.39,13.297999999999998,0.86,31.1667,97.2333
4,2025-01-08,CN,Linqiong,83,77,5.61,42.098,0.36,30.4159,103.4609
387,2025-01-08,CN,Fengrun,0,33,-7.36,18.752,3.91,39.8333,118.1167
170,2025-01-08,CN,Hanzhong,100,35,3.64,38.552,0.54,33.0728,107.0303
344,2025-01-08,CN,Jiutai,100,100,-23.81,-10.857999999999997,1.06,44.1525,125.8328
213,2025-01-08,CN,Ji'An,95,52,9.6,49.28,4.54,27.1172,114.9793
306,2025-01-08,CN,Duyun,100,99,2.61,36.698,1.91,26.2667,107.5167
285,2025-01-08,CN,Turpan,91,41,-2.64,27.247999999999998,0.84,42.9333,89.1667
175,2025-01-08,CN,Shenjiamen,67,61,5.91,42.638,8.84,29.9576,122.298
174,2025-01-08,CN,Shache,0,20,0.02,32.036,2.77,38.4167,77.2406
260,2025-01-08,CN,Wenling,79,51,6.6,43.879999999999995,6.07,28.3669,121.36
310,2025-01-08,CN,Jiangyou,92,77,5.86,42.548,0.26,31.7667,104.7167
256,2025-01-08,CN,Shiyan,100,46,1.22,34.196,0.99,32.6475,110.7781
126,2025-01-08,CN,Korla,100,70,-5.33,22.406,2.16,41.7597,86.1469
396,2025-01-08,CN,Datong,0,44,-11.59,11.137999999999998,2.92,40.0936,113.2914
521,2025-01-08,CO,San Jose Del Guaviare,92,57,31.04,87.872,1.83,2.5729,-72.6459
467,2025-01-08,CO,Pizarro,96,85,26.77,80.186,3.9,4.9533,-77.366
428,2025-01-08,CO,Puerto Colombia,55,75,30.05,86.09,9.52,10.9878,-74.9547
147,2025-01-08,CO,Manaure,94,62,29.63,85.334,5.29,11.7751,-72.4445
307,2025-01-08,CO,San Andres,40,94,26.01,78.818,6.17,12.5847,-81.7006
42,2025-01-08,CO,Inirida,89,67,30.41,86.738,1.12,3.8653,-67.9239
3,2025-01-08,CV,Nova Sintra,0,71,23.58,74.44399999999999,8.26,14.8667,-24.7167
36,2025-01-08,CX,Flying Fish Cove,75,94,25.82,78.476,3.6,-10.4217,105.6791
29,2025-01-08,DE,Colonia,75,93,1.13,34.034,3.09,50.9333,6.95
347,2025-01-08,DE,Sonnefeld,100,97,1.19,34.142,3.01,50.2167,11.1333
484,2025-01-08,DZ,Hassi Messaoud,0,46,9.92,49.856,0.51,31.6804,6.0729
50,2025-01-08,DZ,Illizi,0,37,10.94,51.692,1.76,26.4833,8.4667
159,2025-01-08,EC,Puerto Baquerizo Moreno,40,65,28.55,83.39,7.72,-0.9,-89.6
15,2025-01-08,EC,Puerto Ayora,73,90,25.86,78.548,3.58,-0.7393,-90.3518
226,2025-01-08,EE,Parnu,100,87,2.05,35.69,7.2,58.3859,24.4971
348,2025-01-08,EG,Aswan,0,42,19.61,67.298,2.57,24.0934,32.907
394,2025-01-08,EG,Mersa Matruh,40,82,16.11,60.998000000000005,2.57,31.3525,27.2453
341,2025-01-08,EG,Port Said,0,82,16.99,62.582,3.09,31.2565,32.2841
418,2025-01-08,EG,Idfu,100,49,17.03,62.654,3.66,24.9803,32.8747
319,2025-01-08,EG,Al Kharijah,100,44,16.98,62.564,2.02,25.4514,30.5464
55,2025-01-08,ES,Sant Lluis,40,88,15.22,59.396,6.69,39.8526,4.2594
171,2025-01-08,ES,Mugia,31,84,15.51,59.918,12.95,43.1041,-9.2179
491,2025-01-08,ES,La Carolina,90,89,9.63,49.334,3.4,38.2756,-3.6153
274,2025-01-08,ES,Andratx,56,81,14.72,58.496,8.63,39.5755,2.4202
144,2025-01-08,ET,Deder,0,66,12.36,54.248,2.01,9.3167,41.45
443,2025-01-08,ET,Jinka,1,37,19.69,67.44200000000001,0.62,5.65,36.65
82,2025-01-08,FJ,Lautoka,75,65,26.92,80.456,4.63,-17.6167,177.4667
502,2025-01-08,FJ,Labasa,100,91,25.41,77.738,2.4,-16.4167,179.3833
322,2025-01-08,FM,Tofol,16,81,27.47,81.446,7.51,5.3248,163.0078
275,2025-01-08,FM,Palikir - National Government Center,100,89,26.41,79.538,2.06,6.9248,158.1611
457,2025-01-08,FM,Weno,100,72,28.38,83.084,8.15,7.4515,151.8468
28,2025-01-08,FO,Klaksvik,82,59,2.45,36.41,14.9,62.2266,-6.589
545,2025-01-08,FR,La Passe,76,72,13.25,55.85,9.13,45.5549,-0.8967
243,2025-01-08,FR,Saint-Junien,52,87,10.32,50.576,4.42,45.8833,0.9
109,2025-01-08,FR,Saint-Francois,100,74,11.69,53.042,4.12,46.4154,3.9054
134,2025-01-08,GA,Ndjole,87,93,25.11,77.19800000000001,1.96,-0.1783,10.7649
480,2025-01-08,GA,Franceville,87,93,22.28,72.104,1.16,-1.6333,13.5836
205,2025-01-08,GB,Penzance,100,84,2.64,36.752,12.08,50.1186,-5.5371
96,2025-01-08,GB,Stanley,0,85,-3.99,24.817999999999998,1.54,54.868,-1.6985
290,2025-01-08,GB,Stonehaven,11,94,-0.71,30.722,3.76,56.9637,-2.2118
257,2025-01-08,GB,Margate,100,87,2.61,36.698,1.34,51.3813,1.3862
414,2025-01-08,GB,Atherton,86,96,-0.92,30.344,0.83,53.5237,-2.4935
466,2025-01-08,GB,Eastbourne,100,89,1.66,34.988,0.89,50.7687,0.2845
293,2025-01-08,GB,Lerwick,100,71,3.65,38.57,8.14,60.1545,-1.1494
354,2025-01-08,GB,Scarborough,100,80,-1.16,29.912,2.04,54.2797,-0.4044
518,2025-01-08,GB,Peterhead,25,77,1.18,34.124,7.21,57.5058,-1.7981
333,2025-01-08,GB,Horsham,75,88,1.25,34.25,2.06,51.064,-0.3272
122,2025-01-08,GH,Kpandu,7,36,27.59,81.662,2.13,6.9954,0.2931
206,2025-01-08,GH,Takoradi,7,84,27.48,81.464,2.68,4.8845,-1.7554
155,2025-01-08,GL,Ilulissat,75,68,-4.99,23.018,3.6,69.2167,-51.1
119,2025-01-08,GL,Qaqortoq,98,71,-9.62,14.684000000000001,3.16,60.7167,-46.0333
54,2025-01-08,GL,Nuuk,75,63,-3.66,25.412,2.06,64.1835,-51.7216
117,2025-01-08,GL,Aasiaat,100,95,-6.33,20.606,4.48,68.7098,-52.8699
305,2025-01-08,GQ,San Antonio De Pale,51,81,27.01,80.618,3.26,-1.4014,5.6325
446,2025-01-08,GQ,Luba,34,80,27.51,81.518,3.21,3.4568,8.5547
259,2025-01-08,GR,Argo,51,83,12.77,54.986,1.38,37.6333,22.7333
20,2025-01-08,GS,Grytviken,44,53,8.34,47.012,2.27,-54.2811,-36.5092
546,2025-01-08,GT,Champerico,0,64,29.18,84.524,3.88,14.3,-91.9167
505,2025-01-08,GT,Puerto San Jose,40,49,33.03,91.454,3.09,13.9256,-90.8244
431,2025-01-08,GU,Piti Village,7,91,27.03,80.654,5.69,13.4626,144.6933
475,2025-01-08,GU,Yigo Village,20,93,25.08,77.14399999999999,2.06,13.5361,144.8886
543,2025-01-08,GU,Dededo Village,20,93,25.37,77.666,2.06,13.5178,144.8391
464,2025-01-08,GU,Agat Village,20,88,25.98,78.764,2.06,13.3886,144.6585
196,2025-01-08,GW,Catio,100,75,24.08,75.344,3.1,11.2833,-15.25
195,2025-01-08,ID,Manado,89,90,24.07,75.326,1.19,1.487,124.8455
426,2025-01-08,ID,Kuta,40,100,25.97,78.746,6.69,-8.7233,115.1723
124,2025-01-08,ID,Tual,88,73,28.61,83.498,2.53,-5.6667,132.75
280,2025-01-08,ID,"Laikit, Laikit Ii (Dimembe)",75,95,21.62,70.916,0.83,1.4792,124.9735
302,2025-01-08,ID,Karaton,100,93,23.07,73.526,0.82,-6.3424,106.1045
304,2025-01-08,ID,Sinjai,99,88,23.8,74.84,1.94,-5.1241,120.253
272,2025-01-08,ID,Terbanggi Besar,100,97,23.54,74.372,3.24,-4.8667,105.2333
320,2025-01-08,ID,Sinabang,92,84,25.8,78.44,2.05,2.4803,96.3801
108,2025-01-08,IE,Tralee,31,98,-2.73,27.086,1.5,52.2704,-9.7026
375,2025-01-08,IN,Rahatgarh,0,41,10.88,51.584,0.6,23.7833,78.3667
158,2025-01-08,IN,Beypore,20,94,23.58,74.44399999999999,1.54,11.1833,75.8167
371,2025-01-08,IN,Kavaratti,76,70,26.62,79.916,1.3,10.5669,72.642
529,2025-01-08,IN,Bhimunipatnam,0,74,18.73,65.714,2.88,17.8833,83.4333
539,2025-01-08,IN,Dwarka,9,55,19.1,66.38,5.03,22.2394,68.9678
357,2025-01-08,IN,Bemetara,77,38,11.82,53.275999999999996,2.23,21.7,81.5333
499,2025-01-08,IN,Alibag,88,56,22.9,73.22,3.15,18.6411,72.8792
177,2025-01-08,IN,Bamboo Flat,40,78,27.05,80.69,2.57,11.7,92.7167
340,2025-01-08,IN,Howrah,0,82,15.0,59.0,1.54,22.5892,88.3103
520,2025-01-08,IN,Gaya,0,56,8.97,48.146,1.42,24.7833,85.0
236,2025-01-08,IN,Balimila,0,80,15.26,59.468,0.84,18.25,82.1333
384,2025-01-08,IN,Madhipura,0,62,10.35,50.629999999999995,1.85,25.9167,86.7833
534,2025-01-08,IN,Tezu,0,61,12.05,53.69,1.87,27.9167,96.1667
490,2025-01-08,IN,Tura,0,69,11.18,52.124,1.45,25.5198,90.2201
41,2025-01-08,IQ,Ar Rutbah,1,49,8.07,46.525999999999996,1.94,33.0381,40.2848
233,2025-01-08,IR,Shahriar,56,49,6.16,43.088,0.56,35.6596,51.0593
315,2025-01-08,IR,Sanandaj,40,60,4.01,39.217999999999996,2.06,35.3144,46.9923
194,2025-01-08,IS,Keflavik,0,63,-6.76,19.832,2.06,64.0049,-22.5624
450,2025-01-08,IS,Saudarkrokur,4,92,-14.12,6.584,4.95,65.7461,-19.6394
332,2025-01-08,IS,Egilsstadir,100,86,-4.05,24.71,0.0,65.2653,-14.3948
26,2025-01-08,IS,Isafjordur,1,70,-9.9,14.18,2.96,66.0755,-23.124
282,2025-01-08,IT,Florencia,75,84,12.6,54.68,1.03,43.7667,11.25
360,2025-01-08,IT,Pachino,0,76,13.37,56.066,2.49,36.7186,15.0907
295,2025-01-08,IT,Rapallo,94,91,15.33,59.594,0.89,44.3511,9.2297
522,2025-01-08,JM,Morant Bay,91,78,26.1,78.98,5.94,17.8815,-76.4093
34,2025-01-08,JM,Kingston,20,66,29.53,85.154,3.09,17.997,-76.7936
528,2025-01-08,JP,Fukuecho,100,70,6.64,43.952,12.84,32.6881,128.8419
186,2025-01-08,JP,Obihiro,0,76,-8.29,17.078000000000003,3.21,42.9172,143.2044
362,2025-01-08,JP,Nemuro,7,67,-2.46,27.572,14.1,43.3236,145.575
436,2025-01-08,JP,Shimoda,2,65,5.41,41.738,8.68,34.6667,138.95
461,2025-01-08,JP,Itoman,73,58,13.0,55.4,6.08,26.1247,127.6694
131,2025-01-08,JP,Katsuren-Haebaru,20,66,13.21,55.778000000000006,0.0,26.3369,127.8719
162,2025-01-08,JP,Mikuni,100,93,4.09,39.362,10.32,36.2171,136.1519
456,2025-01-08,JP,Hasaki,5,52,7.78,46.004,4.71,35.7333,140.8333
264,2025-01-08,JP,Shingu,32,72,2.77,36.986,2.87,33.7333,135.9833
356,2025-01-08,JP,Naze,30,58,12.51,54.518,5.45,28.3667,129.4833
447,2025-01-08,KE,Marsabit,3,44,21.89,71.402,3.61,2.3284,37.9899
165,2025-01-08,KH,Sihanoukville,99,74,24.92,76.85600000000001,3.95,10.6093,103.5296
439,2025-01-08,KI,Bikenibeu Village,40,74,27.98,82.364,5.66,1.3673,173.1241
382,2025-01-08,KP,Sonbong,8,40,-15.04,4.928000000000004,8.24,42.3422,130.3967
187,2025-01-08,KR,Jeonju,99,92,-6.82,19.724,2.1,35.8219,127.1489
56,2025-01-08,KR,Kijang,7,54,-3.15,26.33,5.97,35.2442,129.2139
179,2025-01-08,KZ,Qarqaraly,82,98,-24.16,-11.488,2.92,49.4058,75.4742
405,2025-01-08,KZ,Qarazhal,68,87,-19.62,-3.3160000000000025,2.23,48.0078,70.7903
39,2025-01-08,KZ,Urzhar,100,98,-4.23,24.386,2.79,47.093,81.6294
441,2025-01-08,KZ,Yeraliyev,0,57,1.2,34.16,10.12,43.2,51.65
476,2025-01-08,KZ,Zhanaozen,0,55,-1.72,28.904,9.11,43.3,52.8
101,2025-01-08,LK,Vavuniya,6,89,21.1,69.98,1.69,8.7514,80.4971
417,2025-01-08,LK,Kalmunai,54,88,24.54,76.172,3.56,7.4167,81.8167
429,2025-01-08,LR,New Yekepa,37,26,23.01,73.418,1.42,7.5794,-8.5378
349,2025-01-08,LR,Cestos City,100,79,27.67,81.80600000000001,3.39,5.46,-9.5828
137,2025-01-08,LY,Hun,35,67,12.82,55.076,3.18,29.1268,15.9477
223,2025-01-08,LY,Benghazi,100,63,16.42,61.556000000000004,3.19,32.1167,20.0667
471,2025-01-08,LY,Ghat,0,35,11.38,52.484,2.62,24.9647,10.1728
427,2025-01-08,LY,Misratah,4,60,16.18,61.124,7.5,32.3754,15.0925
167,2025-01-08,MA,Jerada,35,40,7.94,46.292,2.14,34.31,-2.16
227,2025-01-08,MG,Tolanaro,75,74,28.04,82.472,0.0,-25.0319,46.9987
291,2025-01-08,MG,Belo Sur Tsiribihina,13,80,26.6,79.88,0.3,-19.7,44.55
237,2025-01-08,MG,Farafangana,0,83,25.69,78.242,3.92,-22.8167,47.8333
204,2025-01-08,MG,Tsiombe,28,89,24.82,76.676,1.22,-25.3,45.4833
143,2025-01-08,MH,Mejit,68,76,27.04,80.672,11.39,10.2753,170.8646
180,2025-01-08,MH,Taroa,100,76,26.75,80.15,11.16,8.7058,171.2275
324,2025-01-08,MH,Rongelap,14,82,27.39,81.30199999999999,10.1,11.1635,166.8941
87,2025-01-08,MH,Likiep,74,70,27.34,81.212,11.58,9.8251,169.3107
57,2025-01-08,MH,Utrik,7,84,26.82,80.276,10.19,11.2278,169.8474
164,2025-01-08,MH,Enewetak,33,84,27.31,81.158,9.3,11.3474,162.3373
430,2025-01-08,MH,Namdrik,40,83,27.18,80.924,9.16,5.5994,168.1028
299,2025-01-08,ML,Kayes,54,16,28.27,82.886,3.14,14.0,-11.0
509,2025-01-08,ML,Bandiagara,100,15,24.54,76.172,4.73,14.3501,-3.6104
325,2025-01-08,ML,Kidal,0,14,21.07,69.926,5.21,18.4411,1.4078
125,2025-01-08,ML,Taoudenni,25,18,17.11,62.798,5.37,22.6783,-3.9836
513,2025-01-08,MM,Hpa-An,5,72,17.44,63.392,0.62,16.8906,97.6333
381,2025-01-08,MM,Loikaw,18,71,12.12,53.816,1.53,19.6742,97.2094
269,2025-01-08,MM,Taunggyi,5,80,9.97,49.946,0.7,20.7833,97.0333
437,2025-01-08,MM,Pathein,3,86,19.43,66.974,2.62,16.7833,94.7333
228,2025-01-08,MN,Dalandzadgad,100,49,-9.48,14.936,1.32,43.5708,104.425
303,2025-01-08,MN,Tosontsengel,18,97,-26.71,-16.078000000000003,0.8,48.7567,98.2839
524,2025-01-08,MN,Uliastay,100,78,-19.55,-3.190000000000005,2.35,47.7417,96.8444
61,2025-01-08,MP,Saipan,75,83,27.39,81.30199999999999,5.36,15.1355,145.701
419,2025-01-08,MR,Tidjikja,25,14,20.86,69.548,5.72,18.5564,-11.4271
14,2025-01-08,MU,Port Mathurin,27,85,26.47,79.646,8.82,-19.6833,63.4167
239,2025-01-08,MU,Beau Vallon,40,83,27.13,80.834,5.14,-20.4189,57.6953
211,2025-01-08,MV,Hithadhoo,17,74,27.48,81.464,1.25,-0.6,73.0833
479,2025-01-08,MV,Muli,31,73,27.69,81.842,4.63,2.9167,73.5667
412,2025-01-08,MV,Dhidhdhoo,83,76,27.25,81.05,4.07,6.8833,73.1
217,2025-01-08,MV,Kulhudhuffushi,29,77,27.27,81.086,5.07,6.6221,73.07
314,2025-01-08,MX,Guerrero Negro,8,33,18.73,65.714,5.78,27.9769,-114.0611
132,2025-01-08,MX,Vicente Guerrero,13,38,23.19,73.742,5.67,19.1194,-98.1708
197,2025-01-08,MX,Villa Union,100,71,23.84,74.912,4.84,23.2,-106.2333
374,2025-01-08,MX,Ciudad Lazaro Cardenas,4,60,28.72,83.696,3.96,17.9583,-102.2
515,2025-01-08,MX,Cotija De La Paz,98,37,22.58,72.64399999999999,4.91,19.8167,-102.6833
123,2025-01-08,MX,Coahuayana De Hidalgo,74,52,30.24,86.43199999999999,3.06,18.7,-103.6583
83,2025-01-08,MX,Cabo San Lucas,92,51,23.75,74.75,2.68,22.8909,-109.9124
263,2025-01-08,MX,San Pedro Pochutla,1,51,32.62,90.716,3.87,15.7333,-96.4667
238,2025-01-08,MX,Heroica Caborca,3,32,18.83,65.89399999999999,6.0,30.7167,-112.15
191,2025-01-08,MX,Lazaro Cardenas,4,60,28.72,83.696,3.96,17.9583,-102.2
407,2025-01-08,MX,Brisas De Zicatela,0,63,28.54,83.372,3.03,15.8369,-97.0419
252,2025-01-08,MX,Acapulco De Juarez,0,61,26.52,79.736,4.35,16.8634,-99.8901
335,2025-01-08,MY,Miri,40,100,25.08,77.14399999999999,2.06,4.4148,114.0089
75,2025-01-08,MY,Georgetown,20,73,26.96,80.528,2.57,5.4112,100.3354
532,2025-01-08,MZ,Ilha De Mocambique,45,79,27.68,81.824,5.29,-15.0342,40.7358
79,2025-01-08,MZ,Pemba,40,94,27.39,81.30199999999999,4.53,-12.974,40.5178
218,2025-01-08,MZ,Macia,100,97,23.79,74.822,2.4,-25.0269,33.0989
150,2025-01-08,NA,Opuwo,100,37,22.95,73.31,2.8,-18.0607,13.84
38,2025-01-08,NA,Luderitz,2,76,17.01,62.618,8.15,-26.6481,15.1594
508,2025-01-08,NA,Khorixas,100,35,20.23,68.414,4.8,-20.3667,14.9667
501,2025-01-08,NA,Swakopmund,99,83,17.21,62.978,0.89,-22.6833,14.5333
267,2025-01-08,NC,Tadine,34,51,25.8,78.44,3.68,-21.55,167.8833
377,2025-01-08,NC,Kone,99,56,25.74,78.332,1.55,-21.0595,164.8658
460,2025-01-08,NE,Alaghsas,71,22,19.37,66.866,6.99,17.0187,8.0168
549,2025-01-08,NE,Agadez,0,25,16.14,61.052,5.16,19.75,10.25
403,2025-01-08,NE,Tchintabaraden,86,19,20.85,69.53,4.92,15.8969,5.7985
495,2025-01-08,NG,Bardai,57,22,19.39,66.902,4.3,11.65,7.2333
326,2025-01-08,NG,Burutu,8,79,27.02,80.636,3.3,5.3509,5.5076
512,2025-01-08,NG,Gandi,99,19,22.34,72.212,4.68,12.9636,5.7434
328,2025-01-08,NG,Alo,20,89,25.92,78.656,2.39,6.5486,4.2686
301,2025-01-08,NG,Badagry,9,89,26.15,79.07,3.25,6.4167,2.8833
201,2025-01-08,NO,Sogndal,0,92,-8.79,16.178000000000004,0.0,61.2283,7.1003
462,2025-01-08,NO,Akrehamn,75,93,0.14,32.252,2.06,59.2667,5.1833
496,2025-01-08,NO,Kristiansund,0,86,-6.64,20.048000000000002,2.57,63.1115,7.732
279,2025-01-08,NO,Harstad,100,73,-4.91,23.162,3.35,68.799,16.5293
435,2025-01-08,NO,Lillehammer,99,94,-6.9,19.58,2.44,61.1146,10.4674
525,2025-01-08,NO,Vadso,14,78,-15.91,3.362000000000002,4.12,70.0744,29.7487
388,2025-01-08,NU,Alofi,75,89,26.94,80.492,2.06,-19.0595,-169.9187
51,2025-01-08,NZ,Dunedin,99,87,11.62,52.916,2.21,-45.8742,170.5036
127,2025-01-08,NZ,Papatowai,94,87,11.58,52.844,2.17,-46.5619,169.4708
230,2025-01-08,NZ,Kerikeri,27,67,22.73,72.914,2.68,-35.2268,173.9474
33,2025-01-08,NZ,Invercargill,90,84,13.9,57.02,0.89,-46.4,168.35
359,2025-01-08,NZ,New Plymouth,4,46,18.34,65.012,2.87,-39.0667,174.0833
84,2025-01-08,NZ,Christchurch,100,78,14.62,58.315999999999995,3.09,-43.5333,172.6333
1,2025-01-08,NZ,Waitangi,28,73,15.46,59.828,5.81,-43.9535,-176.5597
383,2025-01-08,PE,Chilca,34,81,21.68,71.024,3.32,-12.5211,-76.7372
503,2025-01-08,PE,Tambopata,75,100,23.94,75.092,2.06,-12.7333,-69.1833
540,2025-01-08,PE,Minas De Marcona,74,62,20.63,69.134,7.65,-15.2119,-75.1103
296,2025-01-08,PE,Oyon,82,69,7.4,45.32,4.18,-10.6681,-76.7731
498,2025-01-08,PE,Sechura,99,53,28.26,82.868,7.49,-5.5569,-80.8222
468,2025-01-08,PE,Callao,0,69,24.16,75.488,5.66,-12.0667,-77.15
200,2025-01-08,PF,Afaahiti,66,75,26.5,79.7,5.31,-17.75,-149.2833
422,2025-01-08,PF,Mahina,40,70,29.87,85.76599999999999,4.63,-17.5065,-149.489
53,2025-01-08,PF,Papao,32,73,29.82,85.676,4.07,-17.75,-149.55
153,2025-01-08,PF,Uturoa,44,70,27.61,81.69800000000001,3.81,-16.7333,-151.4333
284,2025-01-08,PG,Alotau,100,92,25.04,77.072,2.26,-10.3069,150.4462
73,2025-01-08,PG,Rabaul,79,77,27.33,81.19399999999999,2.68,-4.1967,152.1721
547,2025-01-08,PH,Languyan,100,89,25.41,77.738,1.29,5.2618,120.0807
212,2025-01-08,PH,Olutanga,82,71,28.05,82.49000000000001,0.28,7.3106,122.8464
535,2025-01-08,PH,Sarangani,16,75,28.58,83.44399999999999,4.19,5.4033,125.4636
30,2025-01-08,PH,Sitangkai,98,77,27.83,82.094,2.08,4.6628,119.3928
193,2025-01-08,PK,Dalbandin,65,41,8.43,47.174,3.1,28.8947,64.4101
273,2025-01-08,PL,Sulecin,49,90,-0.59,30.938,2.92,52.4443,15.1168
389,2025-01-08,PL,Ustka,100,77,3.12,37.616,9.73,54.5805,16.8619
78,2025-01-08,PL,Hola,100,72,1.9,35.42,3.91,51.5377,23.1902
76,2025-01-08,PM,Miquelon,100,86,1.9,35.42,10.52,47.0975,-56.3814
23,2025-01-08,PN,Adamstown,100,80,24.62,76.316,10.26,-25.066,-130.1015
334,2025-01-08,PT,Madalena,100,85,14.86,58.748000000000005,4.26,41.2162,-8.3345
163,2025-01-08,PT,Ribeira Grande,75,88,19.32,66.776,11.62,38.5167,-28.7
91,2025-01-08,PT,Praia Da Vitoria,75,82,19.14,66.452,11.24,38.7333,-27.0667
0,2025-01-08,PT,Rabo De Peixe,75,88,17.73,63.914,8.23,37.8,-25.5833
203,2025-01-08,PW,Kayangel,60,74,28.8,83.84,6.69,8.0823,134.7173
297,2025-01-08,QA,Dukhan,0,73,16.9,62.42,6.76,25.4297,50.7858
154,2025-01-08,QA,Al Khawr,0,83,15.84,60.512,4.67,25.7667,51.3167
105,2025-01-08,RE,Saint-Pierre,0,74,26.82,80.276,2.06,-21.3393,55.4781
487,2025-01-08,RE,Saint-Philippe,40,85,26.25,79.25,5.44,-21.3585,55.7679
116,2025-01-08,RO,Constantia,29,79,9.38,48.884,3.55,44.1833,28.65
287,2025-01-08,RU,Strezhevoy,100,95,-12.74,9.068000000000001,3.73,60.7333,77.5889
473,2025-01-08,RU,Chegdomyn,95,99,-26.12,-15.016000000000005,0.87,51.1167,133.0167
478,2025-01-08,RU,Sarmanovo,100,91,0.45,32.81,10.56,55.2553,52.5891
533,2025-01-08,RU,Knyaze-Volkonskoye,100,97,-17.81,-0.05799999999999983,0.5,48.4642,135.4567
519,2025-01-08,RU,Serov,100,96,-9.7,14.54,2.17,59.6033,60.5787
45,2025-01-08,RU,Severnoye,72,95,-18.59,-1.4620000000000033,4.55,56.3491,78.3619
271,2025-01-08,RU,Severo-Yeniseyskiy,100,93,-10.18,13.675999999999998,2.45,60.3725,93.0408
451,2025-01-08,RU,Susuman,93,96,-36.59,-33.86200000000001,0.37,62.7833,148.1667
424,2025-01-08,RU,Bureya,58,96,-22.34,-8.212000000000003,2.79,49.8133,129.8131
63,2025-01-08,RU,Zaozersk,94,96,-17.92,-0.25600000000000733,1.23,69.4005,32.4476
220,2025-01-08,RU,Dudinka,92,100,-27.11,-16.798000000000002,2.52,69.4058,86.1778
133,2025-01-08,RU,Bodaybo,21,100,-35.47,-31.846000000000004,0.95,57.8506,114.1933
343,2025-01-08,RU,Suda,100,87,0.85,33.53,7.29,59.1525,37.5582
210,2025-01-08,RU,Sretensk,60,100,-32.45,-26.410000000000004,0.92,52.2453,117.7093
393,2025-01-08,RU,Revda,100,92,-2.86,26.852,5.16,56.801,59.9303
454,2025-01-08,RU,Rechka-Vydrino,4,68,-9.39,15.097999999999999,2.46,51.485,104.8461
262,2025-01-08,RU,Kurchatov,100,97,3.87,38.966,2.82,51.6601,35.6521
93,2025-01-08,RU,Bilibino,10,99,-35.1,-31.180000000000007,0.62,68.0546,166.4372
16,2025-01-08,RU,Taksimo,17,90,-27.6,-17.68,0.18,56.3444,114.8794
281,2025-01-08,RU,Raduzhny,100,94,-15.83,3.5060000000000002,2.95,62.0961,77.475
77,2025-01-08,RU,Gadzhiyevo,68,99,-18.69,-1.642000000000003,0.99,69.2551,33.3362
298,2025-01-08,RU,Nizhnyaya Tavda,100,95,-11.77,10.814,2.43,57.6731,66.1725
507,2025-01-08,RU,Usogorsk,100,94,-9.12,15.584,6.23,63.4106,48.6872
95,2025-01-08,RU,Igarka,100,100,-27.05,-16.690000000000005,1.85,67.4667,86.5833
71,2025-01-08,RU,Nekrasovskoye,40,80,1.94,35.492,5.0,57.6766,40.3657
249,2025-01-08,RU,Ust-Nera,96,98,-33.06,-27.508000000000003,1.45,64.5667,143.2
176,2025-01-08,RU,Nar'Yan-Mar,100,96,-19.94,-3.892000000000003,4.54,67.6713,53.087
181,2025-01-08,RU,Isetskoye,100,96,-7.95,17.69,2.92,56.4858,65.3226
355,2025-01-08,RU,Iskateley,100,96,-19.93,-3.8740000000000023,4.52,67.6803,53.1512
19,2025-01-08,RU,Nadym,93,100,-26.87,-16.366,1.96,65.5333,72.5167
434,2025-01-08,RU,Usinsk,100,97,-21.12,-6.016000000000005,5.21,65.9939,57.5281
100,2025-01-08,RU,Labytnangi,6,98,-29.85,-21.730000000000004,0.52,66.6572,66.4183
404,2025-01-08,RU,Aleksandrov Gay,98,89,-0.36,31.352,7.48,50.147,48.5704
136,2025-01-08,RU,Vilyuchinsk,100,83,-6.85,19.67,2.36,52.9306,158.4028
190,2025-01-08,RU,Vorgashor,100,100,-28.62,-19.516,2.53,67.5833,63.95
420,2025-01-08,RU,Mirnyy,100,97,-26.65,-15.969999999999999,1.26,62.5353,113.9611
266,2025-01-08,RU,Kaduy,100,86,0.82,33.476,6.19,59.2,37.15
463,2025-01-08,RU,Mil'Kovo,100,84,2.08,35.744,3.3,55.6078,37.7956
221,2025-01-08,RU,Aginskoye,56,97,-25.19,-13.341999999999999,2.69,51.1,114.53
350,2025-01-08,RU,Mglin,100,100,0.14,32.252,2.08,53.0591,32.8475
111,2025-01-08,RU,Yuzhno-Kurilsk,33,54,-1.66,29.012,9.8,44.0306,145.8556
361,2025-01-08,RU,Verkhnevilyuysk,100,96,-25.19,-13.341999999999999,1.82,63.4453,120.3167
368,2025-01-08,RU,Novyy Urgal,75,100,-26.64,-15.951999999999998,0.38,51.0736,132.5642
32,2025-01-08,RU,Novovarshavka,100,85,-13.36,7.952000000000002,5.06,54.1721,74.6946
40,2025-01-08,RU,Tiksi,100,97,-24.17,-11.506000000000007,5.94,71.6872,128.8694
110,2025-01-08,RU,Talnakh,99,98,-20.38,-4.6839999999999975,2.81,69.4865,88.3972
370,2025-01-08,RU,Lensk,37,98,-27.78,-18.004000000000005,1.03,60.7253,114.9278
81,2025-01-08,RU,Tazovsky,44,100,-29.85,-21.730000000000004,0.66,67.4667,78.7
523,2025-01-08,RU,Bakchar,100,91,-14.79,5.378000000000004,5.36,57.0186,82.0711
120,2025-01-08,RU,Polyarnyy,65,99,-18.31,-0.9579999999999984,0.92,69.1989,33.4478
182,2025-01-08,RU,Plastun,93,63,-18.56,-1.4080000000000013,6.12,44.7561,136.2939
494,2025-01-08,RU,Okha,100,93,-3.75,25.25,7.3,53.5739,142.9478
37,2025-01-08,RU,Petropavlovsk-Kamchatsky,40,58,-7.67,18.194,3.0,53.0452,158.6483
74,2025-01-08,RU,Aykhal,100,94,-16.97,1.4540000000000006,2.71,66.0,111.5
409,2025-01-08,RU,Turochak,100,97,-6.33,20.606,1.3,52.2576,87.1224
452,2025-01-08,RU,Pionerskiy,100,73,2.91,37.238,11.73,54.9508,20.2275
339,2025-01-08,RU,Arkhara,100,97,-20.51,-4.917999999999999,3.31,49.4212,130.0842
151,2025-01-08,RU,Anadyr,20,76,-27.72,-17.896,4.0,64.75,177.4833
235,2025-01-08,RU,Klyuchi,70,92,-18.49,-1.2819999999999965,3.5,52.2667,79.1667
89,2025-01-08,RU,Ubinskoye,34,93,-17.84,-0.11200000000000188,5.44,55.3068,79.6802
88,2025-01-08,RU,Udachny,100,93,-18.07,-0.5259999999999962,2.0,66.4167,112.4
199,2025-01-08,SB,Buala,99,84,27.49,81.482,4.36,-8.145,159.5921
421,2025-01-08,SB,Gizo,30,78,28.36,83.048,4.58,-8.103,156.8419
408,2025-01-08,SD,Barah,5,22,18.73,65.714,3.97,13.7,30.3667
2,2025-01-08,SH,Edinburgh Of The Seven Seas,83,98,17.66,63.788,5.26,-37.0676,-12.3116
46,2025-01-08,SJ,Olonkinbyen,96,64,-6.15,20.93,3.75,70.9221,-8.7187
85,2025-01-08,SJ,Longyearbyen,40,68,-4.09,24.637999999999998,7.2,78.2186,15.6401
329,2025-01-08,SL,Freetown,40,78,27.84,82.112,3.6,8.484,-13.2299
277,2025-01-08,SO,Bereeda,14,69,22.98,73.364,2.53,11.8704,51.0579
234,2025-01-08,SO,Kismayo,30,87,24.88,76.78399999999999,5.21,-0.3582,42.5454
65,2025-01-08,SO,Caluula,14,65,23.71,74.678,2.84,11.9661,50.7569
225,2025-01-08,SO,Bosaso,5,71,21.72,71.096,1.58,11.2842,49.1816
58,2025-01-08,SS,Tambura,53,24,23.56,74.408,1.74,5.6,27.4667
253,2025-01-08,SS,Maridi,100,25,23.07,73.526,1.6,4.9158,29.4742
455,2025-01-08,ST,Sao Tome,96,80,26.92,80.456,1.04,0.3365,6.7273
288,2025-01-08,SY,Al Qusayr,74,65,8.5,47.3,0.4,34.5091,36.5798
526,2025-01-08,TD,Am Timan,27,19,24.27,75.686,2.82,11.0297,20.2827
386,2025-01-08,TD,Faya-Largeau,75,26,19.26,66.668,4.6,17.9257,19.1043
25,2025-01-08,TF,Port-Aux-Francais,15,90,5.64,42.152,8.26,-49.35,70.2167
207,2025-01-08,TH,Prachuap Khiri Khan,38,68,19.73,67.514,1.08,12.2167,99.75
342,2025-01-08,TH,Soeng Sang,94,66,17.5,63.5,1.12,14.4264,102.4606
202,2025-01-08,TH,Ranong,19,89,22.73,72.914,2.42,9.9658,98.6348
68,2025-01-08,TK,Atafu Village,100,72,27.68,81.824,8.57,-8.5421,-172.5159
130,2025-01-08,TK,Fale Old Settlement,100,71,27.96,82.328,9.12,-9.3852,-171.2468
352,2025-01-08,TL,Lospalos,100,90,23.11,73.598,0.08,-8.5186,127.0025
59,2025-01-08,TM,Gazojak,0,41,-1.63,29.066,6.81,41.1875,61.4036
66,2025-01-08,TO,Nuku'Alofa,75,74,27.19,80.94200000000001,4.12,-21.1333,-175.2
449,2025-01-08,TR,Ezine,70,93,12.34,54.212,3.5,39.7856,26.3408
231,2025-01-08,TR,Mugla,96,87,7.58,45.644,0.55,37.2303,28.3557
145,2025-01-08,TR,Bolu,34,79,5.92,42.656,1.64,40.6667,31.5833
402,2025-01-08,TZ,Malangali,100,87,18.58,65.44399999999999,1.88,-8.5667,34.85
527,2025-01-08,TZ,Malinyi,96,84,23.54,74.372,1.35,-8.9333,36.1333
489,2025-01-08,TZ,Galappo,81,62,19.89,67.80199999999999,1.51,-4.2667,35.85
373,2025-01-08,TZ,Kilindoni,71,74,27.3,81.14,5.7,-7.9139,39.6668
232,2025-01-08,UA,Rivne,100,95,1.71,35.078,6.05,50.6231,26.2274
286,2025-01-08,UA,Khorostkiv,100,95,3.49,38.282000000000004,5.55,49.2111,25.9217
470,2025-01-08,UA,Solone,63,91,7.21,44.978,7.19,48.2081,34.8721
448,2025-01-08,US,Key West,89,70,17.78,64.004,3.58,24.5557,-81.7826
216,2025-01-08,US,Hamilton,100,69,-3.09,26.438000000000002,5.81,39.1834,-84.5333
18,2025-01-08,US,Hawaiian Paradise Park,0,73,27.16,80.888,2.24,19.5933,-154.9731
511,2025-01-08,US,Palmer,75,44,-4.92,23.144,11.32,42.1584,-72.3287
477,2025-01-08,US,Lakehills,100,35,4.76,40.568,4.34,29.6047,-98.9431
390,2025-01-08,US,Kenai,20,100,-1.97,28.454,2.06,60.5544,-151.2583
542,2025-01-08,US,Pecos,100,23,0.48,32.864,0.0,31.4229,-103.4932
338,2025-01-08,US,Haiku-Pauwela,0,70,26.2,79.16,9.77,20.9219,-156.3051
161,2025-01-08,US,Hilo,0,71,27.28,81.104,0.45,19.7297,-155.09
92,2025-01-08,US,Memphis,20,52,1.07,33.926,5.66,35.1495,-90.049
550,2025-01-08,US,Holualoa,0,67,25.46,77.828,3.09,19.6228,-155.9522
254,2025-01-08,US,Lamar,0,44,4.38,39.884,1.54,33.6668,-95.5836
283,2025-01-08,US,Kapa'A,100,93,24.55,76.19,2.57,22.0752,-159.319
363,2025-01-08,US,Miles City,100,79,2.86,37.147999999999996,8.98,46.4083,-105.8406
321,2025-01-08,US,Newman,19,53,14.47,58.04600000000001,0.45,37.3138,-121.0208
169,2025-01-08,US,Kailua-Kona,20,70,27.53,81.554,3.09,19.6406,-155.9956
129,2025-01-08,US,Wytheville,100,68,-5.84,21.488,1.79,36.9484,-81.0848
69,2025-01-08,US,Albany,84,65,-6.77,19.814,4.47,42.6001,-73.9662
493,2025-01-08,US,Juneau,100,97,5.23,41.414,4.12,58.3019,-134.4197
458,2025-01-08,US,Wailua Homesteads,100,92,23.81,74.858,2.57,22.0669,-159.378
399,2025-01-08,US,Wahpeton,0,80,-4.99,23.018,7.72,46.2652,-96.6059
411,2025-01-08,US,Morehead City,0,52,5.02,41.036,2.57,34.7229,-76.726
12,2025-01-08,US,Jamestown,100,79,-7.77,18.014000000000003,7.2,42.097,-79.2353
72,2025-01-08,US,Jackson,100,87,2.93,37.274,0.0,42.4165,-122.8345
90,2025-01-08,US,Ivins,93,24,11.19,52.141999999999996,1.79,37.1686,-113.6794
245,2025-01-08,US,Isla Vista,0,30,20.19,68.342,5.14,34.4133,-119.861
406,2025-01-08,US,Gulf Breeze,20,52,9.98,49.964,4.12,30.3571,-87.1639
215,2025-01-08,US,Laguna,0,58,16.68,62.024,4.12,38.421,-121.4238
141,2025-01-08,US,Kalispell,100,90,0.1,32.18,0.0,48.1958,-114.3129
22,2025-01-08,US,Kill Devil Hills,0,47,3.01,37.418,3.09,36.0307,-75.676
258,2025-01-08,US,North Bend,75,82,13.98,57.164,0.0,43.4065,-124.2243
97,2025-01-08,US,Badger,75,87,-10.57,12.974,1.54,64.8,-147.5333
380,2025-01-08,US,Defuniak Springs,0,42,11.29,52.321999999999996,4.63,30.721,-86.1152
80,2025-01-08,US,Bethel,1,47,-3.39,25.898,6.26,41.3712,-73.414
366,2025-01-08,US,Dodge City,5,73,3.16,37.688,3.58,37.7528,-100.0171
219,2025-01-08,US,Dorchester,0,39,11.21,52.178000000000004,3.6,33.1002,-80.3831
492,2025-01-08,US,Boonville,0,49,-3.9,24.98,2.57,38.9736,-92.7432
240,2025-01-08,US,Brandon,0,43,16.18,61.124,2.06,27.9378,-82.2859
353,2025-01-08,US,Bloomfield,20,41,-1.29,29.678,9.77,40.8068,-74.1854
115,2025-01-08,US,San Gabriel,100,18,21.48,70.664,0.45,34.0961,-118.1058
401,2025-01-08,US,Burley,40,60,3.44,38.192,3.6,42.5357,-113.7928
198,2025-01-08,US,Big Spring,100,39,2.25,36.05,2.57,32.2504,-101.4787
6,2025-01-08,US,Burlington,75,44,-0.58,30.956,6.69,39.8835,-74.6413
189,2025-01-08,US,Sulphur,100,59,6.11,42.998000000000005,5.14,30.2366,-93.3774
166,2025-01-08,US,Lihue,100,96,24.14,75.452,2.57,21.9789,-159.3672
102,2025-01-08,US,Sitka,75,81,7.94,46.292,2.57,57.0531,-135.33
247,2025-01-08,US,Kodiak,100,100,2.73,36.914,3.6,57.79,-152.4072
444,2025-01-08,US,San Patricio,100,44,7.97,46.346000000000004,5.81,28.017,-97.5169
44,2025-01-08,US,Galveston,100,62,6.7,44.06,7.72,29.3669,-94.9669
541,2025-01-08,US,Santa Ana,75,18,22.24,72.032,5.36,33.7456,-117.8678
517,2025-01-08,US,Seaside,0,47,19.4,66.92,3.09,36.6111,-121.8516
308,2025-01-08,US,Portland,20,65,12.12,53.816,1.54,45.5234,-122.6762
548,2025-01-08,US,Gardnerville Ranchos,20,43,7.99,46.382,0.89,38.8882,-119.7413
376,2025-01-08,US,Fort Bragg,0,37,5.75,42.35,3.6,35.139,-79.006
364,2025-01-08,US,Galliano,58,46,8.68,47.624,4.41,29.4422,-90.2992
337,2025-01-08,US,Lompoc,75,46,19.73,67.514,1.34,34.6391,-120.4579
118,2025-01-08,US,College,75,82,-10.52,13.064,1.54,64.8569,-147.8028
139,2025-01-08,US,Fortuna,0,71,14.43,57.974000000000004,3.09,40.5982,-124.1573
192,2025-01-08,US,Crane,84,22,3.8,38.839999999999996,3.76,31.3974,-102.3501
300,2025-01-08,US,Bayport,40,47,-1.61,29.102,12.35,40.7384,-73.0507
425,2025-01-08,UZ,Koson,0,68,0.01,32.018,4.33,39.0375,65.585
465,2025-01-08,VE,Tacarigua,74,26,34.02,93.236,3.09,10.0862,-67.9198
485,2025-01-08,VN,Qui Nhon,100,94,19.39,66.902,3.9,13.7667,109.2333
208,2025-01-08,VU,Isangel,36,55,26.28,79.304,5.09,-19.55,169.2667
276,2025-01-08,VU,Sola,50,80,27.2,80.96,3.64,-13.8833,167.55
140,2025-01-08,VU,Luganville,50,83,26.85,80.33,2.44,-15.5333,167.1667
114,2025-01-08,YE,Ataq,0,37,17.76,63.968,1.95,14.5377,46.8319
149,2025-01-08,YE,Mukalla,18,69,21.78,71.20400000000001,1.16,14.5425,49.1242
43,2025-01-08,YT,Koungou,0,78,27.84,82.112,2.57,-12.7336,45.2042
9,2025-01-08,ZA,Bredasdorp,0,80,17.82,64.076,1.46,-34.5322,20.0403
453,2025-01-08,ZA,Saldanha,0,87,18.03,64.45400000000001,3.97,-33.0117,17.9442
379,2025-01-08,ZA,Richards Bay,100,82,22.74,72.932,3.01,-28.783,32.0377
250,2025-01-08,ZA,Knysna,0,84,18.32,64.976,1.24,-34.0363,23.0471
160,2025-01-08,ZA,East London,25,81,20.36,68.648,1.78,-33.0153,27.9116
538,2025-01-08,ZA,Graaff-Reinet,0,65,18.29,64.922,2.3,-32.2522,24.5308
103,2025-01-08,ZA,Queenstown,68,85,15.49,59.882,3.88,-31.8976,26.8753
392,2025-01-08,ZA,Kruisfontein,0,86,16.32,61.376,1.99,-34.0033,24.7314
138,2025-01-08,ZA,Hermanus,5,81,19.89,67.80199999999999,2.44,-34.4187,19.2345
21,2025-01-08,ZA,Port Elizabeth,0,94,19.06,66.30799999999999,2.57,-33.918,25.5701
270,2025-01-08,ZA,Port Alfred,21,92,18.43,65.174,3.12,-33.5906,26.891
313,2025-01-08,ZW,Mount Darwin,98,94,19.96,67.928,0.73,-16.7725,31.5838
